model,epochs,best_val_acc,final_val_acc,final_val_loss,params,model_size_MB,total_time_s
cnn,300,0.7828,0.7823,0.6675329473495484,1070794,4.084754943847656,741.1683263778687
